,Variables,VIF
1,bio1,2815.694962
2,bio2,34.276722
3,bio3,19.528299
4,bio4,1345.424918
5,bio5,Inf
6,bio6,Inf
7,bio7,Inf
8,bio8,9.865069
9,bio9,27.124132
10,bio10,1058.767403
11,bio11,6639.432798
12,bio12,151.59488
13,bio13,85.853805
14,bio14,79.013474
15,bio15,4.163841
16,bio16,102.559052
17,bio17,122.248026
18,bio18,12.403167
19,bio19,16.923104
