,Variables,VIF
1,bio1,2763.202367
2,bio2,36.405306
3,bio3,19.931555
4,bio4,1274.639126
5,bio6,994.49967
6,bio7,358.667399
7,bio8,9.59748
8,bio9,26.478657
9,bio10,1042.90483
10,bio11,6402.421445
11,bio12,148.419778
12,bio13,74.077377
13,bio14,65.001951
14,bio15,3.967753
15,bio16,94.520456
16,bio17,97.847921
17,bio18,12.980934
18,bio19,17.878656
